варіант	масштаб	мед_мс	p95_мс	мін_мс	кс	виклики	примітиви	обєкти	відео_мб	текстури_мб	буфери_мб	цп_рендера_мс	пам_статична_мб	обєктів_усього	вузлів	ресурсів	безхазяйних	фіз_процес_мс	процес_мс
A1 тільки герой	45	19.0	19.4	16.8	52.5	47.0	20640.0	526.0	75.5	29.0	46.5	4.07	0.0	2558.0	335.0	372.0	0.0	0.24	28.65
A1 тільки герой	60	19.7	21.0	16.7	50.8	46.0	20510.0	524.0	76.8	30.3	46.5	4.30	0.0	2552.0	333.0	372.0	0.0	0.72	32.84
A1 тільки герой	75	19.0	19.4	18.8	52.5	47.0	20636.0	524.0	78.5	32.0	46.5	4.22	0.0	2554.0	335.0	372.0	0.0	0.14	29.09
A1 тільки герой	90	20.4	20.8	18.5	49.1	48.0	20804.0	525.0	80.6	34.0	46.5	4.24	0.0	2554.0	335.0	372.0	0.0	0.46	31.50
A1 тільки герой	100	19.0	20.0	16.7	52.5	46.0	20508.0	523.0	73.8	27.3	46.5	4.29	0.0	2554.0	335.0	372.0	0.0	0.16	29.04
A2 + траса без перешкод	45	19.2	20.9	19.2	52.0	58.0	34652.0	535.0	75.5	29.0	46.5	4.65	0.0	2554.0	335.0	372.0	0.0	0.24	32.66
A2 + траса без перешкод	60	20.4	20.8	19.0	49.1	58.0	34652.0	535.0	76.8	30.3	46.5	4.84	0.0	2558.0	335.0	372.0	0.0	0.17	35.09
A2 + траса без перешкод	75	25.8	26.2	24.2	38.8	57.0	34524.0	534.0	78.5	32.0	46.5	5.07	0.0	2554.0	335.0	372.0	0.0	0.20	34.45
A2 + траса без перешкод	90	31.9	33.3	28.7	31.3	58.0	34692.0	535.0	80.6	34.0	46.5	4.26	0.0	2554.0	335.0	372.0	0.0	0.67	42.72
A2 + траса без перешкод	100	33.3	33.3	31.0	30.0	58.0	34652.0	535.0	73.8	27.3	46.5	7.25	0.0	2560.0	337.0	372.0	0.0	0.39	41.15
A3 + перешкоди	45	19.2	27.8	19.0	52.0	58.0	34936.0	539.0	75.5	29.0	46.5	5.87	0.0	2558.0	335.0	372.0	0.0	0.50	39.27
A3 + перешкоди	60	20.0	23.0	17.4	50.0	57.0	34808.0	538.0	76.8	30.3	46.5	4.80	0.0	2552.0	333.0	372.0	0.0	0.29	29.51
A3 + перешкоди	75	25.8	26.4	24.1	38.8	57.0	34768.0	538.0	78.5	32.0	46.5	4.45	0.0	2558.0	335.0	372.0	0.0	0.19	33.87
A3 + перешкоди	90	31.9	33.3	28.7	31.3	57.0	34768.0	538.0	80.6	34.0	46.5	5.10	0.0	2556.0	337.0	372.0	0.0	0.16	43.09
A3 + перешкоди	100	33.3	34.7	31.6	30.0	57.0	34808.0	538.0	73.8	27.3	46.5	5.54	0.0	2554.0	335.0	372.0	0.0	0.65	49.71
К1 тільки герой	45	19.2	20.8	17.6	52.0	45.0	20344.0	524.0	75.5	29.0	46.5	4.40	0.0	2552.0	333.0	372.0	0.0	0.15	28.87
К1 тільки герой	60	19.7	20.0	18.4	50.8	46.0	20472.0	525.0	76.8	30.3	46.5	4.12	0.0	2554.0	335.0	372.0	0.0	0.18	29.84
К1 тільки герой	75	19.2	20.4	17.9	52.0	47.0	20642.0	527.0	78.5	32.0	46.5	4.21	0.0	2554.0	335.0	372.0	0.0	0.15	36.44
К1 тільки герой	90	20.8	20.8	16.9	48.0	46.0	20514.0	526.0	80.6	34.0	46.5	6.45	0.0	2552.0	333.0	372.0	0.0	0.13	29.71
К1 тільки герой	100	19.2	19.4	19.0	52.0	47.0	20642.0	527.0	73.8	27.3	46.5	4.01	0.0	2554.0	335.0	372.0	0.0	0.15	30.65
B2 + будинки АВТОРСЬКІ	45	27.3	28.3	25.2	36.7	151.0	117753.0	652.0	75.5	29.0	46.5	7.56	0.0	2558.0	335.0	372.0	0.0	0.15	42.15
B2 + будинки АВТОРСЬКІ	60	33.3	34.7	33.3	30.0	150.0	123281.0	651.0	76.8	30.3	46.5	7.10	0.0	2556.0	333.0	372.0	0.0	0.14	42.40
B2 + будинки АВТОРСЬКІ	75	40.9	41.7	40.0	24.4	150.0	124179.0	653.0	78.5	32.0	46.5	7.76	0.0	2558.0	335.0	372.0	0.0	0.18	50.22
B2 + будинки АВТОРСЬКІ	90	50.0	51.4	48.9	20.0	146.0	124745.0	653.0	80.6	34.0	46.5	9.18	0.0	2554.0	335.0	372.0	0.0	0.14	59.75
B2 + будинки АВТОРСЬКІ	100	51.4	53.0	48.1	19.5	147.0	124615.0	653.0	73.8	27.3	46.5	11.09	0.0	2552.0	333.0	372.0	0.0	0.14	71.64
C2 + будинки ПРОЦЕДУРНІ	45	26.4	26.7	24.7	37.9	145.0	117417.0	650.0	75.5	29.0	46.5	7.07	0.0	2554.0	335.0	372.0	0.0	0.12	32.45
C2 + будинки ПРОЦЕДУРНІ	60	31.9	31.9	29.2	31.3	136.0	116857.0	650.0	76.8	30.3	46.5	7.60	0.0	2552.0	333.0	372.0	0.0	0.13	44.42
C2 + будинки ПРОЦЕДУРНІ	75	38.3	39.4	36.9	26.1	128.0	109987.0	651.0	78.5	32.0	46.5	6.89	0.0	2552.0	333.0	372.0	0.0	0.12	47.82
C2 + будинки ПРОЦЕДУРНІ	90	46.7	50.0	44.8	21.4	129.0	109225.0	651.0	80.6	34.0	46.5	11.51	0.0	2554.0	335.0	372.0	0.0	0.17	60.01
C2 + будинки ПРОЦЕДУРНІ	100	46.7	50.0	41.7	21.4	124.0	108637.0	651.0	73.8	27.3	46.5	12.19	0.0	2554.0	335.0	372.0	0.0	0.16	66.21
К2 тільки герой	45	18.3	19.4	16.5	54.5	47.0	20642.0	527.0	75.5	29.0	46.5	4.06	0.0	2558.0	335.0	372.0	0.0	0.23	33.46
К2 тільки герой	60	19.2	19.2	19.2	52.0	45.0	20346.0	525.0	76.8	30.3	46.5	4.77	0.0	2558.0	335.0	372.0	0.0	0.32	28.57
К2 тільки герой	75	19.2	19.2	19.2	52.0	46.0	20514.0	526.0	78.5	32.0	46.5	4.77	0.0	2552.0	333.0	372.0	0.0	0.22	34.45
К2 тільки герой	90	20.4	25.0	18.5	49.1	46.0	20514.0	526.0	80.6	34.0	46.5	4.11	0.0	2554.0	333.0	372.0	0.0	0.38	34.09
К2 тільки герой	100	19.2	19.2	19.2	52.0	48.0	20810.0	528.0	73.8	27.3	46.5	3.81	0.0	2556.0	335.0	372.0	0.0	0.44	28.48
D2 + вода з боків	45	20.8	21.2	20.8	48.0	71.0	35822.0	551.0	76.3	29.8	46.5	4.94	0.0	2556.0	335.0	372.0	0.0	0.49	29.09
D2 + вода з боків	60	27.8	28.3	26.4	36.0	72.0	35950.0	552.0	78.3	31.8	46.5	4.98	0.0	2556.0	335.0	372.0	0.0	0.29	36.92
D2 + вода з боків	75	36.4	36.7	35.0	27.5	72.0	35950.0	552.0	80.9	34.3	46.5	6.81	0.0	2556.0	335.0	372.0	0.0	0.55	50.78
D2 + вода з боків	90	47.0	50.0	45.1	21.3	71.0	35824.0	552.0	84.0	37.4	46.5	10.86	0.0	2556.0	335.0	372.0	0.0	0.48	58.02
D2 + вода з боків	100	51.7	51.9	50.5	19.4	73.0	36118.0	553.0	78.0	31.5	46.5	10.20	0.0	2556.0	335.0	372.0	0.0	0.40	57.95
К3 тільки герой	45	19.2	19.2	19.2	52.0	46.0	20514.0	526.0	75.5	29.0	46.5	4.09	0.0	2556.0	335.0	372.0	0.0	0.71	28.76
К3 тільки герой	60	19.2	19.2	19.2	52.0	46.0	20514.0	526.0	76.8	30.3	46.5	4.33	0.0	2558.0	333.0	372.0	0.0	0.46	35.97
К3 тільки герой	75	19.2	20.8	19.0	52.0	46.0	20514.0	526.0	78.5	32.0	46.5	4.13	0.0	2556.0	335.0	372.0	0.0	0.56	29.18
К3 тільки герой	90	20.4	21.2	17.0	49.1	45.0	20346.0	525.0	80.6	34.0	46.5	4.44	0.0	2556.0	335.0	372.0	0.0	0.31	35.08
К3 тільки герой	100	19.2	27.6	10.9	52.0	46.0	20474.0	526.0	73.8	27.3	46.5	3.84	0.0	2558.0	336.0	372.0	0.0	0.33	60.92
E1 + тінь 22 м	45	20.8	22.9	17.8	48.0	72.0	52462.0	552.0	75.5	29.0	46.5	6.57	0.0	2558.0	336.0	372.0	0.0	0.46	30.25
E1 + тінь 22 м	60	24.2	25.0	22.0	41.3	70.0	52166.0	550.0	76.8	30.3	46.5	6.04	0.0	2558.0	336.0	372.0	0.0	0.41	42.42
E1 + тінь 22 м	75	31.0	33.3	29.7	32.3	71.0	52294.0	551.0	78.5	32.0	46.5	6.08	0.0	2558.0	336.0	372.0	0.0	0.48	48.07
E1 + тінь 22 м	90	38.9	41.7	37.7	25.7	72.0	52462.0	552.0	80.6	34.0	46.5	6.76	0.0	2558.0	336.0	372.0	0.0	0.59	59.94
E1 + тінь 22 м	100	42.9	51.8	40.6	23.3	71.0	52334.0	551.0	73.8	27.3	46.5	8.81	0.0	2558.0	336.0	372.0	0.0	0.65	52.59
E2 тінь 10 м	45	21.2	21.2	19.7	47.1	71.0	52334.0	551.0	75.5	29.0	46.5	5.93	0.0	2562.0	336.0	372.0	0.0	0.35	29.96
E2 тінь 10 м	60	25.0	25.8	25.0	40.0	71.0	52334.0	551.0	76.8	30.3	46.5	4.79	0.0	2562.0	336.0	372.0	0.0	0.51	31.70
E2 тінь 10 м	75	31.9	33.3	29.0	31.3	71.0	52334.0	551.0	78.5	32.0	46.5	6.17	0.0	2562.0	336.0	372.0	0.0	0.50	41.18
E2 тінь 10 м	90	40.0	45.8	36.8	25.0	70.0	52206.0	550.0	80.6	34.0	46.5	6.81	0.0	2562.0	336.0	372.0	0.0	0.49	44.10
E2 тінь 10 м	100	44.4	50.0	40.1	22.5	71.0	52374.0	551.0	73.8	27.3	46.5	9.09	0.0	2560.0	334.0	372.0	0.0	0.54	58.20
E3 тінь 6 м	45	21.2	21.4	19.5	47.1	72.0	52502.0	552.0	75.5	29.0	46.5	5.89	0.0	2558.0	336.0	372.0	0.0	0.32	30.74
E3 тінь 6 м	60	26.2	26.4	25.2	38.2	70.0	52166.0	550.0	76.8	30.3	46.5	4.70	0.0	2558.0	336.0	372.0	0.0	0.43	34.54
E3 тінь 6 м	75	33.3	33.3	31.2	30.1	70.0	52166.0	550.0	78.5	32.0	46.5	6.41	0.0	2558.0	336.0	372.0	0.0	2.03	38.40
E3 тінь 6 м	90	40.9	41.7	39.3	24.4	69.0	52038.0	549.0	80.6	34.0	46.5	6.49	0.0	2558.0	336.0	372.0	0.0	0.64	53.29
E3 тінь 6 м	100	45.2	50.0	41.6	22.1	71.0	52334.0	551.0	73.8	27.3	46.5	5.38	0.0	2558.0	336.0	372.0	0.0	0.69	49.97
E4 тінь 1 м	45	20.8	21.2	17.9	48.0	67.0	48218.0	547.0	75.5	29.0	46.5	5.32	0.0	2562.0	336.0	372.0	0.0	0.51	28.62
E4 тінь 1 м	60	24.1	24.2	22.9	41.5	67.0	48258.0	547.0	76.8	30.3	46.5	5.33	0.0	2562.0	336.0	372.0	0.0	0.40	31.35
E4 тінь 1 м	75	31.0	31.2	29.2	32.3	67.0	48218.0	547.0	78.5	32.0	46.5	7.12	0.0	2562.0	336.0	372.0	0.0	0.80	40.39
E4 тінь 1 м	90	38.1	38.3	35.7	26.2	68.0	48386.0	548.0	80.6	34.0	46.5	9.17	0.0	2558.0	336.0	372.0	0.0	0.70	42.51
E4 тінь 1 м	100	42.9	44.1	39.2	23.3	68.0	48386.0	548.0	73.8	27.3	46.5	8.17	0.0	2558.0	336.0	372.0	0.0	0.45	60.59
F2 + туман	45	19.4	22.2	18.5	51.4	59.0	34826.0	539.0	75.5	29.0	46.5	5.55	0.0	2558.0	336.0	372.0	0.0	0.38	28.31
F2 + туман	60	25.0	25.8	23.9	40.0	58.0	34658.0	538.0	76.8	30.3	46.5	4.48	0.0	2558.0	336.0	372.0	0.0	0.36	34.38
F2 + туман	75	31.9	33.3	30.3	31.3	58.0	34658.0	538.0	78.5	32.0	46.5	5.98	0.0	2558.0	336.0	372.0	0.0	0.43	43.62
F2 + туман	90	41.7	41.7	40.8	24.0	57.0	34530.0	537.0	80.6	34.0	46.5	6.04	0.0	2558.0	336.0	372.0	0.0	0.36	46.93
F2 + туман	100	45.0	49.1	43.0	22.2	58.0	34658.0	538.0	73.8	27.3	46.5	8.58	0.0	2558.0	336.0	372.0	0.0	0.38	56.18
К4 тільки герой	45	19.2	19.4	19.0	52.0	47.0	20682.0	527.0	75.5	29.0	46.5	4.09	0.0	2556.0	334.0	372.0	0.0	0.58	28.89
К4 тільки герой	60	19.4	22.2	17.9	51.4	46.0	20514.0	526.0	76.8	30.3	46.5	4.57	0.0	2556.0	334.0	372.0	0.0	0.60	48.32
К4 тільки герой	75	19.2	20.4	18.8	52.0	47.0	20642.0	527.0	78.5	32.0	46.5	4.17	0.0	2558.0	336.0	372.0	0.0	0.45	29.01
К4 тільки герой	90	20.8	21.2	18.3	48.0	46.0	20514.0	526.0	80.6	34.0	46.5	4.51	0.0	2556.0	334.0	372.0	0.0	0.34	29.63
К4 тільки герой	100	19.2	19.2	19.0	52.0	45.0	20346.0	525.0	73.8	27.3	46.5	4.15	0.0	2556.0	334.0	372.0	0.0	0.59	29.22
